시설용량,생물학적,고도,유입하수량,생물학적 유입하수량,고도 유입하수량,방류량,생물학적 방류량,고도 방류량,유입 COD,방류 COD,유입 SS,방류 SS,유입 T-N,방류 T-N,유입 T-P,방류 T-P,유입 총대장균군수,방류 총대장균군수,처리부하량,연계처리량_분뇨,연계처리량_축산,연계처리량_침출수,연계처리량_기타,사업비(백만원),목표수질(BOD)_0,목표수질(BOD)_1,목표수질(BOD)_2,재생에너지 이용률,총 에너지사용량,총 전력사용량,자체 에너지사용량,하수처리량당 (CO2)배출량,위탁비용,직원총수(명),안전사고건수,시도_0,시도_1,시도_2,시도_3,시도_4,운영주체_0,운영주체_1,지역구분_0,지역구분_1,지역구분_2,수계_0,수계_1,수계_2,준공일_day,가동개시일_day,방류수소독방법_염소,방류수소독방법_자외선,방류수소독방법_오존,방류수소독방법_기타,처리효율
46,46,0,27.5,27.5,0.0,27.5,27.5,0.0,20.4,9.4,57.9,5.5,35.029,11.162,3.395,1.737,99417,978,1.0,0.0,0.0,0.0,0.0,191.0,0,1,1,0.0,0.4,1602.0,0.0,0.073,26.1,0,0,0,1,1,0,0,1,0,1,0,1,1,0,0,8073,8073,1,1,1,1,87.4
35,35,0,21.5,21.5,0.0,21.5,21.5,0.0,41.6,15.3,53.9,6.1,30.504,15.832,3.792,1.885,102750,1038,1.2,0.0,0.0,0.0,0.0,185.0,0,1,1,0.0,0.4,1564.0,0.0,0.091,26.1,0,0,0,1,1,0,0,1,0,1,0,1,1,0,0,8053,8053,1,1,1,1,90.0
40,0,40,35.9,0.0,35.9,36.7,0.0,36.7,72.4,16.2,130.0,8.4,37.849,16.459,3.948,1.939,116000,399,2.5,0.0,0.0,0.0,0.0,636.0,1,0,0,0.0,8.2,35941.0,0.0,1.228,27.0,0,0,0,1,0,1,1,1,0,1,0,1,1,0,0,5482,5482,1,1,1,1,89.2
36,0,36,30.1,0.0,30.1,28.4,0.0,28.4,74.0,14.5,70.6,5.4,26.658,12.898,3.045,1.66,22400,324,1.9,0.0,0.0,0.0,0.0,406.0,0,1,1,0.0,2.0,8627.0,0.0,0.649,0.0,0,0,0,1,1,1,0,1,0,1,0,1,1,0,1,5946,5946,1,1,1,1,87.9
45,0,45,15.6,0.0,15.6,15.6,0.0,15.6,41.8,8.5,38.8,3.9,22.175,14.866,2.3080000000000003,1.505,19092,269,0.4,0.0,0.0,0.0,0.0,570.0,0,1,0,0.0,7.0,30597.0,0.0,2.456,16.8,0,0,1,0,0,0,0,1,1,1,0,1,0,1,0,5481,5481,1,1,1,1,83.8
550,0,550,489.9,0.0,489.9,489.9,0.0,489.9,47.2,6.8,141.4,5.7,27.229,9.371,5.162000000000001,1.279,23009,16,31.0,0.0,0.0,0.0,0.0,10437.0,0,1,1,0.0,53.5,233703.0,0.0,0.599,30.8,0,0,0,1,1,1,0,1,0,0,1,0,1,0,1,4714,3845,0,1,0,0,89.2
30,30,0,20.5,20.5,0.0,20.5,20.5,0.0,32.7,11.3,48.2,3.7,25.395,19.961,2.491,1.904,40233,102,0.9,0.0,0.0,0.0,0.0,213.0,0,1,0,0.0,5.5,24111.0,0.0,1.476,16.9,0,0,1,0,0,0,0,1,1,1,0,1,0,1,0,7059,7059,1,1,1,1,89.9
20,0,20,23.1,23.1,0.0,23.1,23.1,0.0,61.9,14.3,64.3,6.9,41.893,10.878,3.988,1.035,48750,572,1.4,0.0,0.0,0.0,0.0,164.1,1,0,1,0.0,5.0,21741.0,0.0,1.181,0.0,0,0,0,1,1,1,0,1,0,1,0,1,1,0,1,640,365,1,1,1,1,89.7
20,0,20,13.7,0.0,13.7,13.7,0.0,13.7,68.3,9.6,59.3,5.4,45.658,11.961,4.601,1.194,6133,7,0.5,0.0,0.0,0.0,0.0,339.0,0,1,1,0.0,1.3,5741.0,0.0,0.526,1.4,0,0,0,1,1,1,0,1,0,1,0,1,1,0,1,4569,4462,1,1,1,1,89.8
15,0,15,8.6,0.0,8.6,8.6,0.0,8.6,50.6,8.4,38.0,2.9,45.226000000000006,9.357,5.246,0.7859999999999999,7600,13,0.3,0.0,0.0,0.0,0.0,244.0,0,1,1,0.0,1.0,4441.0,0.0,0.6459999999999999,1.1,0,0,0,1,1,1,0,1,0,1,0,1,1,0,1,5293,5279,1,1,1,1,89.9
60,0,60,24.2,0.0,24.2,24.2,0.0,24.2,15.0,6.5,25.3,2.7,15.848,12.268,1.586,1.152,1787,14,0.6,0.0,0.0,0.0,0.0,400.0,0,1,1,0.0,3.5,15080.0,0.0,0.7809999999999999,25.0,0,0,0,1,1,1,1,1,0,1,0,0,0,1,0,6686,6686,1,0,0,0,88.5
55,0,55,27.2,0.0,27.2,27.2,0.0,27.2,29.9,5.3,28.5,2.2,21.55,11.11,2.417,1.263,945,64,0.9,0.0,0.0,0.0,0.0,497.0,0,0,1,0.0,3.9,17168.0,0.0,0.7929999999999999,205.0,3,0,0,0,0,1,1,1,0,1,0,0,0,1,0,5853,5853,1,1,1,1,88.2
48,0,48,34.1,0.0,34.1,34.0,0.0,34.0,46.0,9.9,21.6,2.4,25.83,6.78,3.52,0.612,93425,124,1.1,0.0,0.0,0.0,0.0,867.0,0,0,1,0.0,8.6,37515.0,0.0,1.3869999999999998,0.0,0,0,0,1,1,1,1,0,1,1,0,1,0,1,0,4901,4901,1,1,1,1,85.0
12,12,0,8.2,8.2,0.0,8.2,8.2,0.0,34.2,14.4,42.6,6.0,25.99,16.82,3.083,2.012,99833,1071,0.4,0.0,0.0,0.0,0.0,330.0,0,1,1,0.0,0.3,1290.0,0.0,0.198,26.1,0,0,0,1,1,0,0,1,0,1,0,1,1,0,0,6590,6590,1,1,1,1,86.7
40,0,40,38.5,38.5,0.0,38.5,38.5,0.0,56.1,13.7,65.8,6.6,39.263000000000005,11.267,3.556,1.087,44917,648,2.3,0.0,0.0,0.0,0.0,333.0,1,0,1,0.0,4.7,20453.0,0.0,0.6679999999999999,0.0,0,0,0,1,1,1,0,1,0,1,0,1,1,0,1,6769,6769,1,1,1,1,89.6
20,20,0,13.8,13.8,0.0,13.8,13.8,0.0,40.6,16.2,47.9,6.2,25.631,15.579,2.888,2.066,96583,942,0.7,0.0,0.0,0.0,0.0,330.0,0,1,1,0.0,0.3,1255.0,0.0,0.115,26.1,0,0,0,1,1,0,0,1,0,1,0,1,1,0,0,6590,6590,1,1,1,1,88.8
23,0,23,5.8,0.0,5.8,5.8,0.0,5.8,27.8,8.3,38.5,4.9,22.808000000000003,12.267,2.374,1.068,19042,79,0.2,0.0,0.0,0.0,0.0,1050.0,1,0,1,0.0,1.2,5388.0,0.0,1.168,3.5,0,0,0,1,1,1,0,1,0,1,0,1,1,0,1,4445,4474,1,1,1,1,89.4
300,300,0,186.1,186.1,0.0,186.1,186.1,0.0,96.3,21.4,143.5,20.2,47.816,24.021,5.025,3.142,591769,1982,42.4,0.0,0.0,0.0,0.0,1450.0,0,1,1,0.0,22.5,98177.0,0.0,0.662,102.0,2,0,1,0,0,0,1,1,0,1,0,0,0,1,1,5049,5049,1,1,1,1,89.8
30,0,30,25.5,0.0,25.5,25.5,0.0,25.5,29.6,15.4,20.2,6.3,20.598000000000003,13.235,2.755,1.861,43767,378,0.9,0.0,0.0,0.0,0.0,438.0,0,1,1,0.0,0.3,1287.0,0.0,0.063,0.0,0,0,1,0,0,0,1,1,0,1,0,1,0,1,1,5847,5847,1,1,1,1,88.1
25,0,25,23.6,23.6,0.0,23.6,23.6,0.0,58.2,12.4,61.8,6.2,40.898,12.572,4.128,0.961,47233,363,1.2,0.0,0.0,0.0,0.0,366.8,1,0,1,0.0,4.1,17860.0,0.0,0.949,0.0,0,0,0,1,1,1,0,1,0,1,0,1,1,0,1,6232,6232,1,1,1,1,89.7
22,0,22,5.5,0.0,5.5,5.5,0.0,5.5,16.1,11.6,40.8,6.3,37.698,26.537,5.5120000000000005,2.375,181917,0,0.1,0.0,0.0,0.0,0.0,222.0,1,0,0,0.0,0.4,1664.0,0.0,0.379,10.9,0,0,0,1,1,0,0,1,0,1,0,1,1,0,0,2921,2921,1,1,1,1,76.1
49,0,49,46.3,0.0,46.3,46.3,0.0,46.3,9.9,3.4,6.9,0.4,14.816,9.214,2.032,0.994,14425,45,0.6,0.0,0.0,0.0,0.0,200.0,0,1,0,0.0,0.3,1500.0,0.0,0.0409999999999999,14.8,0,0,1,0,0,0,0,1,0,1,0,1,0,1,0,5799,5799,1,1,1,1,89.2
45,0,45,41.2,41.2,0.0,41.2,41.2,0.0,56.1,12.5,60.3,5.6,42.288,11.1,3.904,0.999,48345,382,2.1,0.0,0.0,0.0,0.0,142.0,1,0,1,0.0,5.5,24092.0,0.0,0.733,0.0,0,0,0,1,1,1,0,1,0,1,0,1,1,0,1,640,365,1,1,1,1,89.2
30,30,0,18.1,18.1,0.0,18.1,18.1,0.0,48.1,17.6,55.4,6.2,42.993,23.725,5.002,2.486,103333,1028,1.1,0.0,0.0,0.0,0.0,384.0,0,1,1,0.0,5.5,23952.0,0.0,1.658,26.1,0,0,0,1,1,0,0,1,0,1,0,1,1,0,0,6970,6970,1,1,1,1,89.7
150,0,150,134.3,0.0,134.3,134.3,0.0,134.3,12.8,6.5,17.4,7.9,17.464000000000002,8.698,1.663,1.555,513189,442,2.8,0.0,0.0,0.0,0.0,500.0,0,1,0,0.0,7.5,32750.0,0.0,0.306,0.0,0,0,1,0,0,0,0,0,1,1,0,0,0,1,0,3660,3660,1,1,1,1,79.6
120,0,120,96.2,96.2,0.0,96.2,96.2,0.0,27.3,8.8,25.0,6.1,28.253,9.677,3.2030000000000003,1.46,445865,205,5.4,0.0,0.0,0.0,0.0,1421.0,0,1,0,0.0,7.7,33697.0,0.0,0.44,0.0,0,0,1,0,0,0,0,0,1,1,0,0,0,1,0,4019,4019,1,1,1,1,89.8
100,0,100,172.3,0.0,172.3,172.3,0.0,172.3,113.4,31.9,151.6,31.7,54.179,28.504,5.279,2.657,607156,7557,32.2,0.0,0.0,0.0,0.0,2570.0,0,1,1,0.0,18.8,81988.0,0.0,0.597,0.0,0,0,1,0,0,0,1,1,0,1,0,0,0,1,1,1247,1247,1,1,1,1,82.6
15,0,15,15.0,15.0,0.0,15.0,15.0,0.0,55.5,13.9,61.8,6.8,44.265,12.213,3.759,0.953,57417,540,0.9,0.0,0.0,0.0,0.0,147.0,1,0,1,0.0,1.4,5960.0,0.0,0.499,0.0,0,0,0,1,1,1,0,1,0,1,0,1,1,0,1,6251,6251,1,1,1,1,89.5
34,34,0,34.0,34.0,0.0,34.0,34.0,0.0,34.9,10.2,48.4,4.1,48.195,30.664,5.56,3.258,18567,163,1.8,0.0,0.0,0.0,0.0,100.0,0,1,1,0.0,1.1,4807.0,0.0,0.177,11.8,0,0,0,1,1,0,0,1,0,1,0,1,1,0,0,6240,6240,1,1,1,1,89.6
20,0,20,13.1,0.0,13.1,13.1,0.0,13.1,71.6,11.6,54.0,6.1,47.44,11.986,7.91,1.156,18500,12,0.8,0.0,0.0,0.0,0.0,329.0,0,1,1,0.0,2.2,9823.0,0.0,0.944,1.4,0,0,0,1,1,1,0,1,0,1,0,1,1,0,1,4549,4462,1,1,1,1,89.9
49,0,49,41.3,0.0,41.3,41.3,0.0,41.3,20.2,11.4,112.2,3.5,22.914,9.108,3.863,0.961,326250,430,1.6,0.0,0.0,0.0,0.0,0.0,0,1,0,0.0,2.3,9983.0,0.0,0.303,0.0,0,0,1,0,0,0,0,0,1,1,0,1,0,1,0,5600,5600,1,1,1,1,84.5
35,0,35,88.0,0.0,88.0,88.0,0.0,88.0,23.8,3.4,51.1,1.2,16.76,7.082999999999999,1.317,0.516,9588,16,1.5,0.0,0.0,0.0,0.0,303.0,0,1,1,0.0,3.8,16467.0,0.0,0.235,7.4,0,0,0,1,0,1,0,1,0,1,0,1,0,0,1,6362,6362,1,1,1,1,88.8
150,0,150,73.2,0.0,73.2,73.2,0.0,73.2,64.6,35.0,100.5,39.6,36.172,19.499,3.779,2.096,46732,247,2.3,0.0,0.0,0.0,0.0,2571.0,1,0,1,0.0,4.8,20949.0,0.0,0.6,0.0,0,0,0,1,1,0,1,1,0,1,0,0,1,0,0,4048,4048,1,1,1,1,46.1
40,0,40,40.0,0.0,40.0,40.0,0.0,40.0,32.8,8.6,57.6,4.2,43.994,12.155,5.897,1.36,24667,29,1.6,0.0,0.0,0.0,0.0,393.0,0,1,1,0.0,1.2,5121.0,0.0,0.161,2.9,0,0,0,1,1,1,0,1,0,1,0,1,1,0,1,8002,8002,1,1,1,1,87.3
20,20,0,14.1,14.1,0.0,14.1,14.1,0.0,18.9,10.6,40.5,5.3,20.749,9.882,1.868,1.454,101250,973,0.3,0.0,0.0,0.0,0.0,275.0,0,1,1,0.0,0.2,1020.0,0.0,0.09,26.1,0,0,0,1,1,0,0,1,0,1,0,1,1,0,0,6575,6575,1,1,1,1,78.7
20,0,20,12.2,0.0,12.2,12.2,0.0,12.2,64.2,9.8,33.6,4.6,45.386,12.375,5.672000000000001,1.514,11867,14,0.4,0.0,0.0,0.0,0.0,274.0,0,1,1,0.0,2.6,11408.0,0.0,1.178,1.4,0,0,0,1,1,1,0,1,0,1,0,1,1,0,1,7670,7670,1,1,1,1,88.0
15,0,15,13.8,0.0,13.8,12.8,0.0,12.8,76.5,15.3,70.1,7.8,33.171,14.308,3.418,1.736,24400,345,0.8,0.0,0.0,0.0,0.0,524.0,0,1,1,0.0,2.5,10959.0,0.0,1.827,0.0,0,0,0,1,1,1,0,1,0,1,0,1,1,0,1,6209,5935,1,1,1,1,89.0
120,0,120,79.6,0.0,79.6,79.6,0.0,79.6,57.0,9.1,56.7,5.0,30.816,7.013999999999999,3.5210000000000004,0.915,21215,23,3.3,0.0,0.0,0.0,0.0,4895.0,0,1,1,0.0,12.3,53573.0,0.0,0.845,8.8,0,0,0,1,1,1,0,1,0,1,0,0,1,0,1,5857,4557,1,1,1,1,88.6
40,0,40,40.0,0.0,40.0,40.0,0.0,40.0,33.6,6.7,64.6,3.7,59.827,11.719,8.586,1.54,20167,22,1.4,0.0,0.0,0.0,0.0,443.0,0,1,1,0.0,0.2,999.0,0.0,0.031,2.9,0,0,0,1,1,1,0,1,0,1,0,1,1,0,1,6129,6129,1,1,1,1,89.0
44,0,44,54.7,0.0,54.7,52.5,0.0,52.5,76.5,14.4,74.5,7.3,24.865,10.666,2.805,1.496,22100,347,3.3,0.0,0.0,0.0,0.0,790.0,0,1,1,0.0,4.4,19406.0,0.0,0.79,0.0,0,0,0,1,1,1,0,1,0,1,0,1,1,0,1,5136,5136,1,1,1,1,87.5
70,0,70,69.4,0.0,69.4,69.4,0.0,69.4,36.7,7.3,103.2,6.9,16.899,10.366,1.934,0.989,29066,415,2.6,0.0,0.0,0.0,0.0,477.0,1,0,1,0.0,11.8,51526.0,0.0,0.948,37.0,4,0,0,1,0,0,1,1,1,1,0,0,0,0,1,6605,6605,1,1,1,1,89.0
20,0,20,17.4,0.0,17.4,17.4,0.0,17.4,31.2,10.8,66.5,7.6,29.495,17.989,2.685,1.638,3937,78,0.7,0.0,0.0,0.0,0.0,474.0,1,0,1,0.0,9.4,40845.0,0.0,2.939,0.0,1,0,0,1,1,1,1,1,0,1,0,1,0,1,0,3693,3693,1,1,1,1,89.5
20,0,20,20.0,0.0,20.0,20.0,0.0,20.0,47.9,8.0,33.3,3.0,42.901,10.324000000000002,5.653,0.762,6208,9,0.7,0.0,0.0,0.0,0.0,100.0,0,1,1,0.0,0.0,0.0,0.0,0.0,1.4,0,0,0,1,1,1,0,1,0,1,0,1,1,0,1,8676,8706,1,1,1,1,88.7
12,0,12,10.1,10.1,0.0,10.1,10.1,0.0,57.5,13.9,65.0,6.3,41.35,11.623,4.006,0.968,46750,481,0.6,0.0,0.0,0.0,0.0,69.5,1,0,1,0.0,1.0,4182.0,0.0,0.517,0.0,0,0,0,1,1,1,0,1,0,1,0,1,1,0,1,7573,7573,1,1,1,1,88.7
80,0,80,60.8,0.0,60.8,60.8,0.0,60.8,58.1,33.2,120.4,28.5,37.41,19.156,3.367,1.975,42333,141,1.9,0.0,0.0,0.0,0.0,1551.0,1,0,1,0.0,5.7,25019.0,0.0,0.8640000000000001,0.0,0,0,0,1,1,0,1,1,0,1,0,0,1,0,0,4566,4566,1,1,1,1,47.2
120,0,120,74.2,0.0,74.2,74.2,0.0,74.2,62.1,15.9,115.8,20.2,32.058,15.550999999999998,3.894,1.929,43375,149,4.5,0.0,0.0,0.0,0.0,1317.0,1,0,1,0.0,5.7,24920.0,0.0,0.705,0.0,0,0,0,1,1,0,1,1,0,1,0,0,1,0,0,4566,4566,1,1,1,1,86.4
45,0,45,45.0,0.0,45.0,45.0,0.0,45.0,19.0,10.0,35.3,6.4,27.852,23.384,2.587,1.508,3260,106,0.7,0.0,0.0,0.0,0.0,0.0,1,0,1,0.0,7.1,30998.0,0.0,0.865,0.0,0,0,0,1,1,1,1,1,0,1,0,1,0,1,0,5980,5980,1,1,1,1,82.4
30,0,30,5.6,0.0,5.6,5.6,0.0,5.6,46.6,16.3,58.2,6.6,45.592,18.454,5.468,1.879,15334,120,0.3,0.0,0.0,0.0,0.0,197.0,1,0,1,0.0,5.0,21751.0,0.0,4.871,20.0,5,0,0,1,0,0,1,1,1,1,0,1,0,0,1,10249,10249,1,1,1,1,88.9
30,0,30,28.4,28.4,0.0,28.4,28.4,0.0,53.0,12.6,71.7,6.6,44.655,12.262,4.178999999999999,1.002,45025,424,1.6,0.0,0.0,0.0,0.0,255.6,1,0,1,0.0,2.9,12450.0,0.0,0.551,0.0,0,0,0,1,1,1,0,1,0,1,0,1,1,0,1,7960,7960,1,1,1,1,89.8
100,0,100,70.7,0.0,70.7,70.7,0.0,70.7,27.1,6.3,24.7,3.6,27.675,8.517999999999999,3.532,0.877,8579,17,1.4,0.0,0.0,0.0,0.0,473.0,0,1,1,0.0,7.7,33686.0,0.0,0.598,7.3,0,0,0,1,1,1,0,1,0,1,0,0,1,0,1,6555,6555,1,1,1,1,84.2
20,0,20,20.0,0.0,20.0,20.0,0.0,20.0,47.8,8.1,43.5,5.0,59.238,12.568,4.831,1.229,11333,8,0.6,0.0,0.0,0.0,0.0,479.0,0,1,1,0.0,0.3,1392.0,0.0,0.087,1.4,0,0,0,1,1,1,0,1,0,1,0,1,1,0,1,5624,5624,1,1,1,1,88.9
100,0,100,195.7,0.0,195.7,195.7,0.0,195.7,77.7,27.2,116.5,36.7,42.228,30.109,4.748,2.571,302358,3118,16.7,0.0,0.0,0.0,0.0,221.0,0,1,1,0.0,17.4,76181.0,0.0,0.489,0.0,0,0,1,0,0,0,1,1,0,1,0,0,0,1,1,6548,6548,1,1,1,1,71.5
40,0,40,38.1,0.0,38.1,38.1,0.0,38.1,22.5,9.8,34.3,5.5,19.026,7.256,1.7480000000000002,1.555,429167,440,1.7,0.0,0.0,0.0,0.0,312.0,0,1,0,0.0,3.9,17194.0,0.0,0.5670000000000001,0.0,0,0,1,0,0,0,0,0,1,1,0,1,0,1,0,6314,6314,1,1,1,1,85.9
30,0,30,30.1,0.0,30.1,30.1,0.0,30.1,13.7,6.2,29.7,3.1,9.625,8.033,0.904,0.782,18826,141,0.2,0.0,0.0,0.0,0.0,134.0,1,0,1,0.0,3.7,16053.0,0.0,0.67,0.0,0,0,0,1,0,1,0,1,0,1,0,1,0,0,1,3247,3247,1,1,1,1,68.1
45,0,45,35.4,0.0,35.4,35.4,0.0,35.4,64.8,25.0,76.1,19.3,35.797,26.284,3.835,3.393,78057,70,2.4,0.0,0.0,0.0,0.0,492.0,0,1,1,0.0,3.4,14659.0,0.0,0.521,24.6,0,0,0,1,1,0,0,1,0,1,0,1,1,0,0,4054,4054,1,1,1,1,76.2
45,0,45,6.7,0.0,6.7,6.7,0.0,6.7,40.9,14.5,103.5,5.8,29.457,25.491,3.636,2.728,79867,38,0.2,0.0,0.0,0.0,0.0,0.0,1,0,1,0.0,10.2,44425.0,0.0,8.334,24.8,1,0,0,1,1,1,1,1,0,1,0,1,0,1,0,5843,5843,1,1,1,1,87.1
80,0,80,69.2,69.2,0.0,69.2,69.2,0.0,33.3,7.7,87.5,6.0,25.825,11.001,2.724,1.358,6625,611,2.6,0.0,0.0,0.0,0.0,0.0,0,1,1,0.0,2.9,12737.0,0.0,0.231,47.0,0,0,0,1,0,0,1,1,0,1,0,0,0,0,1,4962,4962,0,1,1,1,89.6
40,0,40,26.7,0.0,26.7,26.7,0.0,26.7,43.1,16.6,66.3,6.9,34.123000000000005,21.853,3.902,2.051,111917,1408,1.7,0.0,0.0,0.0,0.0,1000.0,0,1,1,0.0,3.0,13275.0,0.0,0.623,26.1,0,0,0,1,1,0,0,1,0,1,0,1,1,0,0,5228,5228,1,1,1,1,89.7
46,0,46,35.5,35.5,0.0,35.5,35.5,0.0,58.7,14.2,71.3,6.6,44.398,11.931,3.732,0.97,40583,542,2.4,0.0,0.0,0.0,0.0,246.0,1,0,1,0.0,2.6,11255.0,0.0,0.3979999999999999,0.0,0,0,0,1,1,1,0,1,0,1,0,1,1,0,1,7965,7965,1,1,1,1,89.4
60,0,60,40.1,0.0,40.1,40.1,0.0,40.1,55.5,8.9,34.8,4.2,32.767,11.752,3.47,0.946,23144,17,1.6,0.0,0.0,0.0,0.0,339.0,0,1,1,0.0,1.6,6909.0,0.0,0.216,4.4,0,0,0,1,1,1,0,1,0,1,0,0,1,0,1,4549,4462,1,1,1,1,89.4
70,0,70,55.5,55.5,0.0,55.5,55.5,0.0,25.8,10.2,131.0,5.8,28.198,11.087,3.1660000000000004,1.053,354481,768,2.8,0.0,0.0,0.0,0.0,0.0,0,1,0,0.0,8.6,37709.0,0.0,0.853,0.0,0,0,1,0,0,0,0,0,1,1,0,0,0,1,0,4350,4350,1,1,1,1,87.4
60,0,60,122.0,0.0,122.0,122.0,0.0,122.0,33.2,11.4,47.4,8.4,18.351,10.601,2.317,1.109,31569,526,5.3,0.0,0.0,0.0,0.0,627.0,1,0,1,0.0,9.5,41686.0,0.0,0.429,39.0,6,0,0,1,0,0,1,1,1,1,0,0,0,0,1,6811,6811,1,1,1,1,84.4
45,0,45,39.9,0.0,39.9,40.0,0.0,40.0,31.5,14.3,28.3,7.7,17.453,16.191,1.6369999999999998,1.767,60495,360,1.1,0.0,0.0,0.0,0.0,250000.0,1,0,1,0.0,8.4,36682.0,0.0,1.169,0.0,0,0,0,1,1,1,1,0,1,1,0,1,0,1,0,5691,5691,1,1,1,1,83.8
20,0,20,17.4,17.4,0.0,17.5,17.5,0.0,14.2,7.3,14.8,3.7,17.718,11.086,1.629,1.53,329167,371,0.5,0.0,0.0,0.0,0.0,189.0,0,1,0,0.0,0.3,1178.0,0.0,0.085,0.0,0,0,1,0,0,0,0,0,1,1,0,1,0,1,0,7304,7304,1,1,1,1,83.1
60,0,60,53.0,0.0,53.0,53.0,0.0,53.0,29.9,10.2,105.1,4.7,22.963,8.011000000000001,2.682,0.973,541000,215,3.2,0.0,0.0,0.0,0.0,612.0,0,1,0,0.0,9.0,39503.0,0.0,0.936,0.0,0,0,1,0,0,0,0,0,1,1,0,0,0,1,0,4840,4840,1,1,1,1,89.8
40,0,40,36.3,0.0,36.3,34.4,0.0,34.4,64.0,14.5,64.9,9.4,26.06,10.75,2.91,1.459,21900,477,1.9,0.0,0.0,0.0,0.0,1234.0,0,1,1,0.0,5.9,25756.0,0.0,1.606,0.0,0,0,0,1,1,1,0,1,0,1,0,1,1,0,1,3937,3937,1,1,1,1,79.2
110,0,110,143.0,0.0,143.0,135.2,0.0,135.2,72.4,15.6,71.6,9.9,29.825,12.45,3.417,1.555,22533,450,10.1,0.0,0.0,0.0,0.0,397.0,0,1,1,0.0,9.3,40792.0,0.0,0.624,0.0,0,0,0,1,1,1,0,1,0,1,0,0,1,0,1,6515,6515,1,1,1,1,87.8
40,0,40,40.0,0.0,40.0,40.0,0.0,40.0,22.4,9.7,26.4,3.9,31.512,23.529,2.924,2.295,8440,52,0.9,0.0,0.0,0.0,0.0,0.0,1,0,1,0.0,6.8,29851.0,0.0,0.937,0.0,0,0,0,1,1,1,1,1,0,1,0,1,0,1,0,5980,5980,1,1,1,1,89.8
15,15,0,14.5,14.5,0.0,14.5,14.5,0.0,50.6,12.6,63.7,6.2,41.01,12.202,3.548,1.085,46250,367,0.8,0.0,0.0,0.0,0.0,79.3,1,0,1,0.0,3.0,13234.0,0.0,1.145,0.0,0,0,0,1,1,1,0,1,0,1,0,1,1,0,1,7595,7595,1,1,1,1,89.0
30,0,30,30.0,0.0,30.0,30.0,0.0,30.0,7.3,4.6,7.9,2.7,9.302,5.867999999999999,0.765,0.417,658,14,0.1,0.0,0.0,0.0,0.0,217.0,1,0,1,0.0,5.1,22216.0,0.0,0.93,0.0,0,0,0,1,1,1,1,1,0,1,0,1,0,1,0,5823,5823,1,1,1,1,71.4
28,0,28,24.4,0.0,24.4,22.8,0.0,22.8,78.7,13.9,73.2,8.9,28.114,11.771,2.984,1.385,22100,421,1.4,0.0,0.0,0.0,0.0,446.0,0,1,1,0.0,2.6,11311.0,0.0,1.058,0.0,0,0,0,1,1,1,0,1,0,1,0,1,1,0,1,6265,6265,1,1,1,1,87.7
90,0,90,41.1,0.0,41.1,41.1,0.0,41.1,14.7,4.9,13.3,2.1,13.099,6.617000000000001,1.211,0.7390000000000001,26533,234,0.4,0.0,0.0,0.0,0.0,1600.0,0,1,1,0.0,0.9,3894.0,0.0,0.119,0.0,0,0,1,0,0,0,1,1,0,1,0,0,0,1,1,5084,5084,1,1,1,1,83.9
30,0,30,18.0,0.0,18.0,18.0,0.0,18.0,52.6,8.8,39.1,3.3,41.815,9.981,5.394,0.889,4542,11,0.6,0.0,0.0,0.0,0.0,324.0,0,1,1,0.0,1.8,7668.0,0.0,0.536,2.2,0,0,0,1,1,1,0,1,0,1,0,1,1,0,1,6582,6582,1,1,1,1,88.5
60,0,60,49.5,0.0,49.5,49.5,0.0,49.5,23.5,7.8,74.6,7.4,25.426,8.267999999999999,2.432,0.861,505827,348,2.4,0.0,0.0,0.0,0.0,420.0,0,1,0,0.0,0.8,3683.0,0.0,0.093,0.0,0,0,1,0,0,0,0,0,1,1,0,0,0,1,0,4347,4347,1,1,1,1,89.5
30,30,0,27.5,27.5,0.0,27.5,27.5,0.0,83.4,22.3,76.1,7.5,40.359,11.339,4.2,1.484,59333,176,1.7,0.0,0.0,0.0,0.0,310.0,0,1,1,0.0,1.4,6100.0,0.0,0.278,0.0,0,0,0,1,1,1,0,1,0,1,0,1,1,0,1,8157,8157,1,1,1,1,89.2
30,0,30,30.0,30.0,0.0,30.0,30.0,0.0,55.2,14.4,73.5,7.0,42.285,11.674,3.88,0.97,52833,479,1.8,0.0,0.0,0.0,0.0,234.7,1,0,1,0.0,1.8,7785.0,0.0,0.326,0.0,0,0,0,1,1,1,0,1,0,1,0,1,1,0,1,7916,7916,1,1,1,1,89.6
30,0,30,26.6,0.0,26.6,25.0,0.0,25.0,73.5,12.0,69.6,10.1,29.628,12.083,3.294,1.429,24100,379,1.6,0.0,0.0,0.0,0.0,226.0,0,1,1,0.0,1.7,7307.0,0.0,0.624,0.0,0,0,0,1,1,1,0,1,0,1,0,1,1,0,1,8035,8035,1,1,1,1,89.1
10,0,10,5.6,0.0,5.6,5.6,0.0,5.6,67.8,11.0,94.5,5.6,42.173,6.985,4.494,0.903,12500,18,0.3,0.0,0.0,0.0,0.0,167.2,0,1,1,0.0,0.4,1734.0,0.0,0.391,0.7,0,0,0,1,1,1,0,1,0,1,0,1,1,0,1,6157,4439,1,1,1,1,89.2
15,0,15,14.0,14.0,0.0,14.0,14.0,0.0,50.7,12.9,64.7,6.1,38.383,12.323,3.419,0.951,47833,638,0.8,0.0,0.0,0.0,0.0,79.3,1,0,1,0.0,1.6,7077.0,0.0,0.635,0.0,0,0,0,1,1,1,0,1,0,1,0,1,1,0,1,7781,7781,1,1,1,1,89.4
15,0,15,8.4,0.0,8.4,8.4,0.0,8.4,32.1,6.6,26.8,3.2,23.208,10.988,4.051,1.656,16583,14,0.2,0.0,0.0,0.0,0.0,329.0,0,1,1,0.0,1.5,6716.0,0.0,1.003,1.1,0,0,0,1,1,1,0,1,0,1,0,1,1,0,1,4566,4462,1,1,1,1,88.8
49,0,49,37.3,0.0,37.3,37.3,0.0,37.3,29.6,10.4,172.2,6.0,26.838,8.804,3.065,1.144,444167,455,2.2,0.0,0.0,0.0,0.0,0.0,0,1,0,0.0,6.3,27562.0,0.0,0.929,0.0,0,0,1,0,0,0,0,0,1,1,0,1,0,1,0,5595,5595,1,1,1,1,88.6
30,0,30,24.2,0.0,24.2,24.2,0.0,24.2,16.0,9.9,14.5,4.5,17.11,5.792000000000001,1.355,1.052,394167,500,0.7,0.0,0.0,0.0,0.0,173.0,0,1,0,0.0,1.6,6931.0,0.0,0.359,0.0,0,0,1,0,0,0,0,0,1,1,0,1,0,1,0,6713,6713,1,1,1,1,79.8
35,0,35,29.4,0.0,29.4,27.2,0.0,27.2,75.8,19.1,73.6,17.3,35.11,13.059,3.813,1.6369999999999998,22100,617,1.6,0.0,0.0,0.0,0.0,1223.0,0,1,1,0.0,5.4,23612.0,0.0,1.872,0.0,0,0,0,1,1,1,0,1,0,1,0,1,1,0,1,3473,3473,1,1,1,1,77.3
40,0,40,27.4,0.0,27.4,27.4,0.0,27.4,55.0,10.2,46.1,5.0,38.118,9.67,4.444,1.101,24723,31,1.1,0.0,0.0,0.0,0.0,1179.0,0,1,1,0.0,8.0,34753.0,0.0,1.595,2.9,0,0,0,1,1,1,0,1,0,1,0,1,1,0,1,3978,3872,1,1,1,1,88.1
57,0,57,48.1,0.0,48.1,0.0,0.0,0.0,27.3,6.7,21.6,3.8,9.357,3.974,0.716,0.2319999999999999,46,50,0.7,0.0,0.0,0.0,0.0,401.0,1,0,0,0.0,0.3,1376.0,0.0,0.0,0.0,0,0,0,1,1,0,1,0,1,1,0,0,1,0,0,5784,5784,1,1,1,1,83.2
45,0,45,40.9,0.0,40.9,40.9,0.0,40.9,119.0,44.2,357.3,31.1,47.631,28.164,5.242000000000001,2.474,157833,448,5.5,0.0,0.0,0.0,0.0,172.0,0,1,1,0.0,12.3,53522.0,0.0,1.644,0.0,0,0,1,0,0,0,1,1,0,1,0,1,0,1,1,6146,6146,1,1,1,1,76.7
30,0,30,24.2,0.0,24.2,22.5,0.0,22.5,75.6,14.2,78.0,9.7,27.136,11.361,3.057,1.489,22800,436,1.3,0.0,0.0,0.0,0.0,290.0,0,1,1,0.0,2.4,10484.0,0.0,0.997,0.0,0,0,0,1,1,1,0,1,0,1,0,1,1,0,1,6731,6731,1,1,1,1,82.1
40,0,40,35.6,0.0,35.6,35.6,0.0,35.6,40.3,11.6,54.1,6.4,26.356,13.648,2.519,1.07,91833,89,1.5,0.0,0.0,0.0,0.0,250.0,0,1,1,0.0,7.9,34640.0,0.0,1.221,0.0,0,0,0,1,1,1,0,1,0,1,0,1,1,0,1,4231,4231,1,1,1,1,87.0
45,45,0,57.3,57.3,0.0,57.3,57.3,0.0,62.6,35.2,80.4,30.9,36.707,23.471,3.713,2.365,78500,13076,4.1,0.0,0.0,0.0,0.0,1857.0,0,1,1,0.0,6.2,26957.0,0.0,0.59,0.0,0,0,1,0,0,0,1,1,0,1,0,1,0,1,1,4018,4018,1,1,1,1,59.9
50,0,50,37.2,37.2,0.0,37.2,37.2,0.0,62.4,14.0,81.4,7.0,43.221,11.332,3.794,0.972,50973,444,2.5,0.0,0.0,0.0,0.0,288.1,1,0,1,0.0,2.1,9119.0,0.0,0.308,0.0,0,0,0,1,1,1,0,1,0,1,0,0,1,0,1,7195,7195,1,1,1,1,89.9
8,8,0,5.3,5.3,0.0,5.3,5.3,0.0,33.0,13.2,42.6,5.9,27.797,13.589,2.654,2.08,97500,939,0.3,0.0,0.0,0.0,0.0,330.0,0,1,1,0.0,0.4,1849.0,0.0,0.435,26.1,0,0,0,1,1,0,0,1,0,1,0,1,1,0,0,6590,6590,1,1,1,1,89.6
55,0,55,20.3,0.0,20.3,20.3,0.0,20.3,14.9,7.6,19.9,7.0,17.831,12.354,1.858,0.836,8448,179,0.3,0.0,0.0,0.0,0.0,756.5,0,1,0,0.0,0.0,171.0,0.0,0.011,14.8,0,0,1,0,0,0,0,1,0,1,0,0,0,1,0,5829,5829,1,1,1,1,71.8
100,0,100,30.0,0.0,30.0,30.0,0.0,30.0,77.7,28.7,132.7,20.2,44.165,28.314,4.669,2.26,361731,8022,3.7,0.0,0.0,0.0,0.0,669.0,0,1,1,0.0,21.0,91522.0,0.0,3.829,0.0,0,0,1,0,0,0,1,1,0,1,0,0,0,1,1,5419,5419,1,1,1,1,79.3
275000,0,275000,233910.2,0.0,233910.2,203804.9,0.0,203804.9,111.7,13.2,136.5,6.8,38.721,12.263,3.588,0.5,198760,2092,27715.6,0.0,0.0,0.0,0.0,119000.0,0,0,1,0.0,6034.8,26352622.3,0.0,0.162,16624.2,35,0,0,0,1,0,0,1,1,0,1,0,0,0,1,9497,9496,1,0,0,0,89.9
60,0,60,42.7,0.0,42.7,40.4,0.0,40.4,49.7,14.0,71.5,9.0,27.923,11.247,3.2310000000000003,1.599,22864,326,1.7,0.0,0.0,0.0,0.0,1325.0,0,1,1,0.0,10.0,43873.0,0.0,2.237,0.0,0,0,0,1,1,1,0,1,0,1,0,0,1,0,1,4421,4413,1,1,1,1,82.4
30,0,30,15.6,15.6,0.0,15.6,15.6,0.0,30.8,11.2,45.4,5.2,23.251,10.873,2.479,1.213,89500,663,0.5,0.0,0.0,0.0,0.0,286.0,0,1,1,0.0,0.0,48.0,0.0,0.015,3.3,0,0,0,1,1,0,0,1,0,1,0,1,1,0,0,13795,13795,1,1,1,1,87.8
430,0,430,854.8,0.0,854.8,854.8,0.0,854.8,88.0,41.9,356.9,71.3,37.567,23.262,4.775,2.537,64555,26829,127.2,0.0,0.0,0.0,0.0,8318.0,1,0,0,0.0,12.4,53946.0,0.0,0.083,24.0,0,0,0,0,1,0,1,1,0,1,0,0,0,1,1,2421,2389,1,1,1,1,55.3
23,23,0,15.9,15.9,0.0,15.9,15.9,0.0,32.4,13.6,48.6,6.4,29.579,10.085,3.68,1.031,101917,983,0.5,0.0,0.0,0.0,0.0,159.0,0,1,1,0.0,0.3,1323.0,0.0,0.105,26.1,0,0,0,1,1,0,0,1,0,1,0,1,1,0,0,6970,6970,1,1,1,1,83.7
100,100,0,149.8,149.8,0.0,149.8,149.8,0.0,13.2,5.9,23.1,4.5,7.141,6.269,0.823,0.706,11056,133,1.7,0.0,0.0,0.0,0.0,234.0,0,1,0,0.0,8.9,39021.0,0.0,0.327,17.2,0,0,1,0,0,0,0,1,1,1,0,0,0,1,0,7549,7549,1,1,1,1,78.7
21,0,21,21.0,0.0,21.0,21.0,0.0,21.0,15.5,8.0,19.8,6.5,23.812,17.202,1.727,1.272,10157,27,0.2,0.0,0.0,0.0,0.0,100.0,1,0,1,0.0,5.4,23679.0,0.0,1.415,0.0,0,0,0,1,1,1,1,1,0,1,0,1,0,1,0,5823,5823,1,1,1,1,76.7
55,0,55,49.7,49.7,0.0,49.7,49.7,0.0,22.0,9.5,22.2,8.6,25.434,12.192,2.38,1.095,513327,558,2.0,0.0,0.0,0.0,0.0,863.0,0,1,0,0.0,7.1,30832.0,0.0,0.779,0.0,0,0,1,0,0,0,0,0,1,1,0,0,0,1,0,4840,4840,1,1,1,1,84.3
15,0,15,7.5,0.0,7.5,7.5,0.0,7.5,31.5,5.8,26.3,3.4,23.545,6.496,3.603,0.828,21000,23,0.2,0.0,0.0,0.0,0.0,167.2,0,1,1,0.0,1.3,5585.0,0.0,0.935,1.1,0,0,0,1,1,1,0,1,0,1,0,1,1,0,1,6157,4439,1,1,1,1,87.8
40,0,40,27.5,0.0,27.5,27.5,0.0,27.5,42.4,7.3,23.0,2.7,23.668000000000003,7.042999999999999,3.01,0.648,28125,34,1.2,0.0,0.0,0.0,0.0,361.0,0,1,1,0.0,4.1,17976.0,0.0,0.8190000000000001,2.9,0,0,0,1,1,1,0,1,0,1,0,1,1,0,1,6970,6970,1,1,1,1,89.7
45,0,45,44.9,0.0,44.9,44.9,0.0,44.9,15.6,8.4,17.2,7.6,18.768,10.241,1.702,0.897,334167,508,1.2,0.0,0.0,0.0,0.0,1753.0,0,1,0,0.0,10.0,43663.0,0.0,1.22,0.0,0,0,1,0,0,0,0,0,1,1,0,1,0,1,0,3466,3466,1,1,1,1,80.1
10,0,10,7.1,0.0,7.1,7.1,0.0,7.1,42.1,14.6,32.2,5.3,26.595,19.105,3.712,2.384,37833,302,0.3,0.0,0.0,0.0,0.0,163.0,0,1,1,0.0,0.2,723.0,0.0,0.127,0.0,0,0,1,0,0,0,1,1,0,1,0,1,0,1,1,5897,5897,1,1,1,1,85.7
30,30,0,17.6,17.6,0.0,17.6,17.6,0.0,38.9,12.0,80.2,6.8,29.168000000000003,12.045,3.023,1.6980000000000002,89750,728,0.8,0.0,0.0,0.0,0.0,286.0,0,1,1,0.0,0.0,72.0,0.0,0.02,3.3,0,0,0,1,1,0,0,1,0,1,0,1,1,0,0,8316,8316,1,1,1,1,89.3
70,0,70,55.1,0.0,55.1,55.1,0.0,55.1,52.7,9.7,70.3,7.0,40.793,9.244,4.6,0.913,14726,21,2.7,0.0,0.0,0.0,0.0,1473.0,0,1,1,0.0,6.5,28372.0,0.0,0.6459999999999999,5.1,0,0,0,1,1,1,0,1,0,1,0,0,1,0,1,4006,3872,1,1,1,1,88.4
20,20,0,7.4,7.4,0.0,7.4,7.4,0.0,19.9,5.2,68.1,3.7,13.629,5.856,1.433,0.56,10688,242,0.2,0.0,0.0,0.0,0.0,221.0,0,1,0,0.0,4.9,21475.0,0.0,3.632,14.5,0,0,1,0,0,0,0,1,1,1,0,1,0,1,0,10257,10257,1,1,1,1,89.7
40,0,40,48.7,0.0,48.7,48.7,0.0,48.7,40.1,14.2,44.3,6.5,29.285,24.112,3.1460000000000004,2.704,63604,60,2.2,0.0,0.0,0.0,0.0,236.8,0,1,1,0.0,1.2,5188.0,0.0,0.134,30.5,0,0,0,1,1,0,0,1,0,1,0,1,1,0,0,5844,5844,1,1,1,1,87.5
45,0,45,38.0,0.0,38.0,38.0,0.0,38.0,39.8,15.3,70.9,5.1,36.939,14.677,4.039,1.5619999999999998,31935,291,2.5,0.0,0.0,0.0,0.0,690.0,0,1,1,0.0,0.1,369.0,0.0,0.012,0.0,0,0,0,1,1,1,0,0,1,1,0,1,0,1,1,5620,5620,1,1,1,1,89.2
60,0,60,45.2,0.0,45.2,45.2,0.0,45.2,68.1,12.2,89.9,10.3,27.089,10.13,3.675,1.143,43380,1263,3.3,0.0,0.0,0.0,0.0,573.0,0,1,0,0.0,9.6,41771.0,0.0,1.206,42.0,0,0,1,0,0,0,0,1,0,1,0,0,0,1,0,4102,4102,1,1,1,1,87.8
